Group,Feature
1,t_500_weekave_atlantic_trop_pc20
2,ts_weekave_atlantic_trop_pc20
3,SW_lag_4
4,SW_lag_5
5,SW_lag_3
6,SW_lag_1
7,SW_lag_2
8,ts_weekave_pacific_ocean_pc7
9,ts_weekave_pacific_trop_pc7
10,ts_weekave_pacific_ocean_pc13
11,ts_weekave_atlantic_trop_pc10
12,ts_weekave_atlantic_trop_pc15
13,slp_weekave_atlantic_trop_pc16
14,t_850_weekave_atlantic_trop_pc16
15,ts_weekave_pacific_ocean_pc12
16,ts_weekave_pacific_trop_pc13
17,ts_weekave_atlantic_ocean_pc9
18,ts_weekave_atlantic_trop_pc14
19,ts_weekave_pacific_ocean_pc20
20,ts_weekave_pacific_trop_pc20
21,ts_weekave_pacific_trop_pc16
22,ts_weekave_atlantic_ocean_pc17
23,ts_weekave_pacific_trop_pc12
24,ts_weekave_pacific_ocean_pc14
25,ts_weekave_atlantic_ocean_pc6
26,ts_weekave_atlantic_ocean_pc16
27,ts_weekave_pacific_trop_pc19
28,ts_weekave_pacific_trop_pc14
29,ts_weekave_atlantic_trop_pc16
30,ts_weekave_pacific_ocean_pc16
31,ts_weekave_atlantic_ocean_pc5
32,ts_weekave_atlantic_trop_pc5
33,ts_weekave_pacific_ocean_pc8
34,ts_weekave_atlantic_ocean_pc15
35,t_500_weekave_atlantic_trop_pc13
36,ts_weekave_arctic_pc18
37,ts_weekave_mexico_gulf_pc16
38,ts_weekave_pacific_ocean_pc19
39,ts_weekave_mexico_gulf_pc14
40,t_850_weekave_mexico_gulf_pc17
41,ts_weekave_pacific_trop_pc8
42,ts_weekave_atlantic_ocean_pc18
43,ts_weekave_pacific_trop_pc11
44,ts_weekave_pacific_ocean_pc17
45,ts_weekave_pacific_trop_pc17
46,ts_weekave_pacific_ocean_pc18
47,t_850_weekave_pacific_ocean_pc13
48,t_850_weekave_pacific_trop_pc20
49,ts_weekave_atlantic_trop_pc17
50,ts_weekave_atlantic_ocean_pc19
51,ts_weekave_atlantic_trop_pc18
52,ts_weekave_atlantic_ocean_pc20
53,ts_weekave_mexico_gulf_pc20
54,t_500_weekave_atlantic_ocean_pc9
55,t_850_weekave_atlantic_ocean_pc10
56,ts_weekave_atlantic_ocean_pc10
57,ts_weekave_arctic_pc13
58,ts_weekave_southern_canada_pc19
59,t_850_weekave_southern_canada_pc16
60,ts_weekave_southern_canada_pc16
61,ts_weekave_atlantic_ocean_pc11
62,ts_weekave_southern_canada_pc17
63,ts_weekave_atlantic_ocean_pc4
64,ts_weekave_pacific_ocean_pc10
65,ts_weekave_atlantic_ocean_pc12
66,ts_weekave_mexico_gulf_pc17
67,ts_weekave_atlantic_trop_pc7
68,ts_weekave_pacific_ocean_pc11
69,t_500_weekave_mexico_gulf_pc15
70,h_500_weekave_mexico_gulf_pc16
71,h_850_weekave_mexico_gulf_pc17
72,t_500_weekave_conus_pc19
72,h_500_weekave_conus_pc19
73,t_850_weekave_conus_pc19
74,ts_weekave_conus_pc20
75,ts_weekave_pacific_trop_pc10
76,ts_weekave_mexico_gulf_pc13
77,t_500_weekave_mexico_gulf_pc11
78,h_500_weekave_mexico_gulf_pc18
79,slp_weekave_mexico_gulf_pc18
80,h_850_weekave_mexico_gulf_pc20
81,ts_weekave_mexico_gulf_pc19
82,t_500_weekave_mexico_gulf_pc19
83,ts_weekave_atlantic_ocean_pc7
84,t_850_weekave_mexico_gulf_pc20
85,slp_weekave_mexico_gulf_pc17
85,h_850_weekave_mexico_gulf_pc15
86,slp_weekave_mexico_gulf_pc20
86,h_850_weekave_mexico_gulf_pc18
87,h_500_weekave_mexico_gulf_pc19
88,ts_weekave_mexico_gulf_pc12
89,t_850_weekave_mexico_gulf_pc14
90,h_850_weekave_mexico_gulf_pc14
90,slp_weekave_mexico_gulf_pc19
91,h_500_weekave_mexico_gulf_pc17
92,t_500_weekave_mexico_gulf_pc17
93,slp_weekave_mexico_gulf_pc14
93,h_850_weekave_mexico_gulf_pc11
94,t_500_weekave_mexico_gulf_pc9
95,h_500_weekave_mexico_gulf_pc10
96,t_850_weekave_mexico_gulf_pc13
97,h_850_weekave_mexico_gulf_pc16
98,t_850_weekave_mexico_gulf_pc10
99,ts_weekave_mexico_gulf_pc15
100,t_500_weekave_mexico_gulf_pc12
101,h_500_weekave_mexico_gulf_pc13
102,ts_weekave_mexico_gulf_pc11
103,slp_weekave_mexico_gulf_pc13
104,slp_weekave_mexico_gulf_pc12
104,h_850_weekave_mexico_gulf_pc10
105,h_500_weekave_mexico_gulf_pc11
106,t_500_weekave_mexico_gulf_pc10
107,h_850_weekave_mexico_gulf_pc13
108,slp_weekave_mexico_gulf_pc16
109,t_850_weekave_mexico_gulf_pc12
110,slp_weekave_mexico_gulf_pc15
110,h_850_weekave_mexico_gulf_pc12
111,h_500_weekave_mexico_gulf_pc14
112,ts_weekave_mexico_gulf_pc9
113,t_850_weekave_mexico_gulf_pc18
114,ts_weekave_mexico_gulf_pc10
115,t_850_weekave_mexico_gulf_pc15
116,slp_weekave_mexico_gulf_pc10
116,t_850_weekave_mexico_gulf_pc7
117,t_850_weekave_conus_pc20
118,t_500_weekave_mexico_gulf_pc7
118,h_500_weekave_mexico_gulf_pc8
119,h_500_weekave_conus_pc10
119,t_500_weekave_conus_pc10
120,h_850_weekave_conus_pc10
120,slp_weekave_conus_pc10
121,slp_weekave_mexico_gulf_pc11
121,h_850_weekave_mexico_gulf_pc8
122,h_500_weekave_mexico_gulf_pc9
123,h_850_weekave_mexico_gulf_pc9
124,slp_weekave_mexico_gulf_pc8
124,h_850_weekave_mexico_gulf_pc7
125,t_850_weekave_mexico_gulf_pc6
125,h_500_weekave_mexico_gulf_pc6
126,ts_weekave_mexico_gulf_pc7
126,t_850_weekave_mexico_gulf_pc5
127,t_500_weekave_mexico_gulf_pc6
127,h_500_weekave_mexico_gulf_pc5
128,slp_weekave_mexico_gulf_pc6
128,ts_weekave_mexico_gulf_pc5
129,t_850_weekave_mexico_gulf_pc16
130,t_500_weekave_mexico_gulf_pc13
131,slp_weekave_east_asia_pc19
131,h_850_weekave_east_asia_pc15
132,t_850_weekave_east_asia_pc17
132,h_500_weekave_east_asia_pc15
133,ts_weekave_east_asia_pc17
134,t_500_weekave_east_asia_pc18
134,h_500_weekave_east_asia_pc19
135,h_850_weekave_east_asia_pc14
135,h_500_weekave_east_asia_pc16
136,t_850_weekave_east_asia_pc16
136,ts_weekave_east_asia_pc15
137,h_500_weekave_east_asia_pc20
137,t_500_weekave_east_asia_pc20
137,t_850_weekave_east_asia_pc19
138,ts_weekave_east_asia_pc18
139,t_850_weekave_east_asia_pc20
140,h_500_weekave_east_asia_pc17
140,h_850_weekave_east_asia_pc17
141,t_850_weekave_east_asia_pc18
141,t_500_weekave_east_asia_pc19
141,h_500_weekave_east_asia_pc18
142,t_500_weekave_pacific_ocean_pc7
142,t_850_weekave_pacific_ocean_pc6
142,h_500_weekave_pacific_ocean_pc6
142,h_850_weekave_pacific_ocean_pc6
142,slp_weekave_pacific_ocean_pc6
143,t_500_weekave_pacific_ocean_pc8
143,t_850_weekave_pacific_ocean_pc9
144,slp_weekave_pacific_ocean_pc7
144,h_850_weekave_pacific_ocean_pc7
144,h_500_weekave_pacific_ocean_pc7
144,t_850_weekave_pacific_ocean_pc7
145,h_500_weekave_east_asia_pc7
145,slp_weekave_east_asia_pc13
145,t_500_weekave_east_asia_pc8
145,t_850_weekave_east_asia_pc7
146,h_850_weekave_east_asia_pc7
146,slp_weekave_east_asia_pc8
147,h_850_weekave_pacific_ocean_pc9
147,h_500_weekave_pacific_ocean_pc9
147,slp_weekave_pacific_ocean_pc9
148,h_500_weekave_pacific_ocean_pc10
148,h_850_weekave_pacific_ocean_pc10
148,slp_weekave_pacific_ocean_pc10
149,t_500_weekave_pacific_ocean_pc11
149,t_850_weekave_pacific_ocean_pc11
150,h_850_weekave_pacific_ocean_pc12
150,slp_weekave_pacific_ocean_pc12
150,h_500_weekave_pacific_ocean_pc11
151,t_500_weekave_pacific_ocean_pc12
151,t_850_weekave_pacific_ocean_pc10
152,t_850_weekave_pacific_ocean_pc8
152,t_500_weekave_pacific_ocean_pc9
153,h_850_weekave_pacific_ocean_pc8
153,slp_weekave_pacific_ocean_pc8
153,h_500_weekave_pacific_ocean_pc8
154,t_500_weekave_pacific_ocean_pc10
155,slp_weekave_east_asia_pc6
155,h_850_weekave_east_asia_pc8
156,ts_weekave_east_asia_pc5
156,t_500_weekave_east_asia_pc7
156,t_850_weekave_east_asia_pc6
156,t_500_weekave_east_asia_pc6
156,h_500_weekave_east_asia_pc6
157,t_850_weekave_east_asia_pc8
157,ts_weekave_east_asia_pc10
157,h_500_weekave_east_asia_pc8
158,t_500_weekave_east_asia_pc10
158,slp_weekave_east_asia_pc10
159,ts_weekave_east_asia_pc11
160,h_850_weekave_east_asia_pc20
161,t_850_weekave_east_asia_pc9
161,ts_weekave_east_asia_pc8
162,h_850_weekave_east_asia_pc13
162,slp_weekave_east_asia_pc15
163,ts_weekave_east_asia_pc16
163,t_850_weekave_east_asia_pc12
164,h_500_weekave_east_asia_pc9
164,h_850_weekave_east_asia_pc9
165,t_500_weekave_east_asia_pc9
165,slp_weekave_east_asia_pc12
166,slp_weekave_east_asia_pc9
166,h_850_weekave_east_asia_pc10
167,slp_weekave_east_asia_pc14
168,h_500_weekave_east_asia_pc13
168,t_500_weekave_east_asia_pc13
168,t_850_weekave_east_asia_pc14
169,t_500_weekave_east_asia_pc12
169,ts_weekave_east_asia_pc9
169,h_500_weekave_east_asia_pc10
169,t_850_weekave_east_asia_pc10
170,slp_weekave_east_asia_pc11
171,h_850_weekave_east_asia_pc19
172,h_500_weekave_east_asia_pc12
172,t_500_weekave_east_asia_pc16
172,t_850_weekave_east_asia_pc11
173,ts_weekave_east_asia_pc20
174,slp_weekave_east_asia_pc18
174,h_850_weekave_east_asia_pc16
175,slp_weekave_east_asia_pc20
175,h_850_weekave_east_asia_pc18
176,ts_weekave_east_asia_pc12
176,t_850_weekave_east_asia_pc15
177,t_500_weekave_east_asia_pc17
178,slp_weekave_east_asia_pc17
178,h_850_weekave_east_asia_pc11
179,t_500_weekave_east_asia_pc14
179,h_500_weekave_east_asia_pc11
180,ts_weekave_east_asia_pc19
181,slp_weekave_east_asia_pc16
181,h_850_weekave_east_asia_pc12
182,h_500_weekave_east_asia_pc14
182,t_850_weekave_east_asia_pc13
182,t_500_weekave_east_asia_pc15
183,ts_weekave_east_asia_pc14
184,ts_weekave_east_asia_pc13
185,h_850_weekave_arctic_pc17
185,slp_weekave_arctic_pc17
186,h_850_weekave_arctic_pc18
186,slp_weekave_arctic_pc18
187,t_500_weekave_arctic_pc19
187,t_850_weekave_arctic_pc18
187,h_500_weekave_arctic_pc19
188,ts_weekave_arctic_pc19
189,h_850_weekave_arctic_pc20
189,t_850_weekave_arctic_pc17
189,t_500_weekave_arctic_pc20
189,h_500_weekave_arctic_pc20
189,slp_weekave_arctic_pc20
190,ts_weekave_arctic_pc17
191,t_500_weekave_arctic_pc17
191,h_500_weekave_arctic_pc18
192,h_850_weekave_arctic_pc19
192,slp_weekave_arctic_pc19
192,t_850_weekave_arctic_pc19
193,h_850_weekave_arctic_pc16
193,slp_weekave_arctic_pc16
194,t_500_weekave_arctic_pc18
194,t_850_weekave_arctic_pc16
194,h_500_weekave_arctic_pc17
195,t_850_weekave_arctic_pc20
195,h_500_weekave_arctic_pc16
195,t_500_weekave_arctic_pc16
196,ts_weekave_arctic_pc20
197,slp_weekave_east_asia_pc7
197,h_850_weekave_east_asia_pc6
198,h_500_weekave_arctic_pc12
198,t_850_weekave_arctic_pc12
198,h_850_weekave_arctic_pc14
198,t_500_weekave_arctic_pc12
198,slp_weekave_arctic_pc14
199,ts_weekave_arctic_pc11
200,slp_weekave_pacific_trop_pc5
200,h_500_weekave_pacific_trop_pc3
200,h_850_weekave_pacific_trop_pc4
201,h_500_weekave_pacific_trop_pc2
201,t_500_weekave_pacific_trop_pc2
202,t_500_weekave_pacific_ocean_pc1
202,slp_weekave_pacific_ocean_pc1
202,h_500_weekave_pacific_ocean_mean
202,h_500_weekave_pacific_ocean_pc1
202,slp_weekave_pacific_ocean_mean
202,h_850_weekave_pacific_ocean_mean
202,t_850_weekave_pacific_ocean_pc1
203,h_500_weekave_pacific_trop_pc5
203,t_500_weekave_pacific_trop_pc4
204,t_850_weekave_conus_pc3
204,t_500_weekave_conus_pc3
204,t_500_weekave_mexico_gulf_pc1
204,ts_weekave_conus_pc3
204,t_500_weekave_mexico_gulf_pc2
204,ts_weekave_mexico_gulf_pc1
204,t_850_weekave_mexico_gulf_pc2
204,h_500_weekave_mexico_gulf_mean
204,SW_current_week
204,h_500_weekave_mexico_gulf_pc1
204,ts_weekave_mexico_gulf_mean
205,slp_weekave_mexico_gulf_pc5
205,h_850_weekave_mexico_gulf_pc5
206,slp_weekave_mexico_gulf_pc9
206,slp_weekave_conus_pc7
206,h_850_weekave_conus_pc7
207,t_500_weekave_mexico_gulf_pc8
207,h_500_weekave_mexico_gulf_pc7
208,slp_weekave_conus_pc5
208,h_850_weekave_conus_pc5
209,ts_weekave_southern_canada_pc2
209,t_850_weekave_southern_canada_pc2
209,t_500_weekave_southern_canada_pc2
209,t_500_weekave_conus_pc5
209,t_850_weekave_conus_pc5
209,ts_weekave_conus_pc5
209,h_500_weekave_conus_pc5
209,h_500_weekave_southern_canada_pc2
210,h_500_weekave_atlantic_ocean_pc5
210,t_850_weekave_atlantic_ocean_pc7
210,t_500_weekave_atlantic_ocean_pc6
210,slp_weekave_atlantic_ocean_pc5
211,t_850_weekave_southern_canada_pc5
211,ts_weekave_southern_canada_pc5
212,t_850_weekave_mexico_gulf_pc1
212,h_850_weekave_mexico_gulf_pc2
212,h_850_weekave_conus_pc2
212,ts_weekave_conus_pc2
212,slp_weekave_conus_pc4
212,h_500_weekave_conus_pc1
212,t_500_weekave_conus_pc2
212,slp_weekave_mexico_gulf_pc2
212,t_850_weekave_mexico_gulf_mean
212,t_850_weekave_conus_pc2
212,ts_weekave_mexico_gulf_pc2
212,h_500_weekave_mexico_gulf_pc2
213,h_850_weekave_atlantic_ocean_pc6
213,t_500_weekave_atlantic_ocean_pc7
213,h_500_weekave_atlantic_ocean_pc6
214,t_500_weekave_atlantic_ocean_pc8
214,t_850_weekave_atlantic_ocean_pc8
214,h_500_weekave_atlantic_ocean_pc7
214,slp_weekave_atlantic_ocean_pc7
215,h_850_weekave_mexico_gulf_pc4
215,t_500_weekave_mexico_gulf_pc4
215,slp_weekave_mexico_gulf_pc4
215,t_850_weekave_mexico_gulf_pc4
215,ts_weekave_mexico_gulf_pc6
215,h_500_weekave_mexico_gulf_pc4
216,t_500_weekave_arctic_pc8
216,t_850_weekave_arctic_pc8
216,h_500_weekave_arctic_pc8
216,ts_weekave_arctic_pc8
217,slp_weekave_southern_canada_pc2
217,h_850_weekave_southern_canada_pc1
217,h_500_weekave_southern_canada_pc1
217,h_850_weekave_southern_canada_mean
217,t_500_weekave_southern_canada_mean
217,ts_weekave_southern_canada_mean
217,h_500_weekave_southern_canada_mean
218,h_850_weekave_conus_pc3
218,h_500_weekave_conus_pc3
218,slp_weekave_conus_pc3
218,ts_weekave_conus_pc9
219,t_500_weekave_atlantic_ocean_pc4
219,t_850_weekave_atlantic_ocean_pc6
219,t_500_weekave_atlantic_ocean_mean
219,t_850_weekave_atlantic_ocean_mean
220,t_850_weekave_atlantic_ocean_pc4
220,t_850_weekave_atlantic_ocean_pc5
220,h_500_weekave_atlantic_ocean_pc4
220,slp_weekave_atlantic_ocean_pc4
220,t_500_weekave_atlantic_ocean_pc5
221,t_850_weekave_atlantic_ocean_pc3
221,t_850_weekave_atlantic_trop_pc2
222,t_850_weekave_atlantic_ocean_pc1
222,h_850_weekave_atlantic_ocean_pc1
222,h_500_weekave_atlantic_ocean_pc1
222,t_500_weekave_atlantic_ocean_pc1
223,t_500_weekave_atlantic_trop_pc2
223,h_500_weekave_atlantic_trop_pc2
224,h_850_weekave_atlantic_ocean_mean
224,t_500_weekave_southern_canada_pc4
224,ts_weekave_southern_canada_pc4
224,t_850_weekave_southern_canada_pc4
224,t_500_weekave_atlantic_ocean_pc3
224,slp_weekave_southern_canada_pc3
224,h_850_weekave_southern_canada_pc3
224,slp_weekave_atlantic_ocean_pc2
224,h_500_weekave_atlantic_ocean_pc2
224,h_500_weekave_southern_canada_pc4
224,h_500_weekave_atlantic_ocean_mean
225,t_500_weekave_arctic_pc3
225,slp_weekave_arctic_pc3
225,ts_weekave_arctic_pc4
225,t_850_weekave_arctic_pc3
225,h_850_weekave_arctic_pc3
225,h_500_weekave_arctic_pc3
226,slp_weekave_southern_canada_pc4
226,h_850_weekave_mexico_gulf_pc1
226,h_850_weekave_conus_pc1
226,slp_weekave_conus_mean
226,slp_weekave_mexico_gulf_pc1
226,slp_weekave_conus_pc2
226,h_850_weekave_southern_canada_pc4
227,t_850_weekave_pacific_ocean_pc2
227,slp_weekave_pacific_ocean_pc3
227,slp_weekave_southern_canada_pc1
227,slp_weekave_southern_canada_mean
227,h_850_weekave_pacific_ocean_pc3
227,h_500_weekave_pacific_ocean_pc2
227,h_850_weekave_southern_canada_pc2
227,t_500_weekave_pacific_ocean_pc2
228,t_850_weekave_conus_mean
228,ts_weekave_conus_mean
228,ts_weekave_southern_canada_pc3
228,t_850_weekave_southern_canada_pc3
228,h_500_weekave_conus_mean
228,t_500_weekave_conus_mean
228,h_500_weekave_conus_pc2
228,t_500_weekave_conus_pc1
228,t_500_weekave_southern_canada_pc3
228,h_500_weekave_southern_canada_pc3
229,ts_weekave_southern_canada_pc11
229,t_850_weekave_southern_canada_pc11
230,t_500_weekave_conus_pc8
230,h_500_weekave_conus_pc7
230,ts_weekave_conus_pc8
230,t_850_weekave_conus_pc8
231,h_850_weekave_conus_pc8
231,slp_weekave_conus_pc8
232,h_500_weekave_conus_pc8
232,t_500_weekave_conus_pc7
233,ts_weekave_conus_pc7
233,t_850_weekave_conus_pc7
234,t_850_weekave_conus_pc6
234,t_500_weekave_conus_pc6
234,h_500_weekave_conus_pc6
234,ts_weekave_conus_pc6
235,t_500_weekave_atlantic_ocean_pc2
235,t_850_weekave_atlantic_ocean_pc2
235,h_500_weekave_atlantic_ocean_pc3
235,h_850_weekave_atlantic_ocean_pc3
235,slp_weekave_southern_canada_pc6
235,h_500_weekave_southern_canada_pc5
235,h_850_weekave_southern_canada_pc5
235,t_500_weekave_southern_canada_pc5
236,h_850_weekave_southern_canada_pc8
236,slp_weekave_southern_canada_pc8
237,ts_weekave_southern_canada_pc6
238,h_500_weekave_southern_canada_pc6
238,t_500_weekave_southern_canada_pc6
238,t_850_weekave_southern_canada_pc6
239,ts_weekave_southern_canada_pc8
240,h_850_weekave_conus_pc6
240,slp_weekave_southern_canada_pc11
240,slp_weekave_conus_pc6
240,h_850_weekave_southern_canada_pc11
241,t_500_weekave_conus_pc4
241,h_850_weekave_conus_pc4
241,h_500_weekave_conus_pc4
241,t_850_weekave_conus_pc4
241,ts_weekave_conus_pc4
242,t_850_weekave_southern_canada_pc8
242,t_500_weekave_southern_canada_pc7
242,h_500_weekave_southern_canada_pc7
242,ts_weekave_southern_canada_pc9
243,t_500_weekave_southern_canada_pc10
243,h_500_weekave_southern_canada_pc10
244,t_850_weekave_pacific_ocean_pc5
244,h_500_weekave_pacific_ocean_pc4
244,h_850_weekave_pacific_ocean_pc4
244,t_500_weekave_pacific_ocean_pc4
244,slp_weekave_pacific_ocean_pc4
245,h_850_weekave_southern_canada_pc6
245,slp_weekave_southern_canada_pc7
246,slp_weekave_southern_canada_pc5
246,h_850_weekave_southern_canada_pc7
247,t_500_weekave_pacific_ocean_pc5
247,slp_weekave_pacific_ocean_pc5
247,h_850_weekave_pacific_ocean_pc5
247,h_500_weekave_pacific_ocean_pc5
247,t_850_weekave_pacific_ocean_pc4
248,h_850_weekave_arctic_pc8
248,t_500_weekave_arctic_pc9
248,h_500_weekave_arctic_pc9
248,t_850_weekave_arctic_pc9
248,ts_weekave_arctic_pc10
248,slp_weekave_arctic_pc8
248,h_500_weekave_arctic_pc10
249,h_850_weekave_east_asia_pc4
249,ts_weekave_east_asia_pc7
249,slp_weekave_east_asia_pc5
249,t_500_weekave_east_asia_pc5
249,h_500_weekave_east_asia_pc4
249,t_850_weekave_east_asia_pc5
250,h_850_weekave_arctic_pc6
250,ts_weekave_arctic_pc5
250,t_500_weekave_arctic_pc5
250,slp_weekave_arctic_pc6
250,t_850_weekave_arctic_pc5
250,h_500_weekave_arctic_pc6
251,ts_weekave_arctic_pc6
252,t_850_weekave_arctic_pc6
252,t_500_weekave_arctic_pc7
252,ts_weekave_arctic_pc7
253,t_500_weekave_east_asia_pc11
253,ts_weekave_east_asia_pc6
254,h_500_weekave_arctic_pc14
254,slp_weekave_arctic_pc12
254,t_500_weekave_arctic_pc13
254,t_850_weekave_arctic_pc13
254,h_850_weekave_arctic_pc12
255,ts_weekave_arctic_pc14
256,ts_weekave_pacific_trop_pc5
256,h_850_weekave_pacific_trop_pc5
256,slp_weekave_pacific_trop_pc4
257,t_500_weekave_pacific_ocean_pc3
257,t_850_weekave_pacific_ocean_pc3
257,h_500_weekave_pacific_ocean_pc3
257,slp_weekave_pacific_ocean_pc2
257,h_850_weekave_pacific_ocean_pc2
258,ts_weekave_pacific_ocean_pc3
259,t_500_weekave_east_asia_pc3
259,ts_weekave_east_asia_pc4
259,t_850_weekave_east_asia_pc3
260,h_850_weekave_arctic_pc4
260,slp_weekave_arctic_pc4
260,slp_weekave_east_asia_pc3
260,h_850_weekave_east_asia_pc3
260,h_500_weekave_arctic_pc5
260,h_500_weekave_east_asia_pc3
261,ts_weekave_east_asia_pc3
261,t_850_weekave_east_asia_pc4
261,t_500_weekave_east_asia_pc4
262,h_850_weekave_east_asia_pc5
262,slp_weekave_east_asia_pc4
262,h_500_weekave_east_asia_pc5
263,t_850_weekave_arctic_pc10
263,slp_weekave_arctic_pc7
263,h_500_weekave_arctic_pc7
263,h_850_weekave_arctic_pc7
263,t_500_weekave_arctic_pc10
264,ts_weekave_arctic_pc12
265,h_850_weekave_arctic_pc9
265,h_850_weekave_east_asia_pc1
265,h_850_weekave_east_asia_mean
265,slp_weekave_east_asia_mean
265,slp_weekave_arctic_pc9
265,slp_weekave_east_asia_pc1
266,h_500_weekave_east_asia_pc2
266,h_850_weekave_east_asia_pc2
266,ts_weekave_east_asia_pc2
266,t_500_weekave_east_asia_pc2
266,slp_weekave_east_asia_pc2
266,t_850_weekave_east_asia_pc2
267,t_500_weekave_arctic_pc4
267,ts_weekave_arctic_pc2
267,h_850_weekave_arctic_pc5
267,h_500_weekave_arctic_pc4
267,slp_weekave_arctic_pc5
267,t_850_weekave_arctic_pc4
268,t_850_weekave_arctic_pc7
268,t_500_weekave_arctic_pc6
268,ts_weekave_arctic_mean
268,t_850_weekave_arctic_mean
268,t_500_weekave_arctic_mean
269,h_500_weekave_arctic_pc1
269,slp_weekave_arctic_pc1
269,slp_weekave_arctic_mean
269,ts_weekave_arctic_pc1
269,t_500_weekave_arctic_pc1
269,t_850_weekave_arctic_pc1
269,h_500_weekave_arctic_mean
270,ts_weekave_east_asia_mean
270,t_500_weekave_east_asia_mean
270,t_850_weekave_east_asia_mean
270,t_500_weekave_east_asia_pc1
270,h_500_weekave_east_asia_mean
270,t_850_weekave_east_asia_pc1
270,ts_weekave_east_asia_pc1
270,h_500_weekave_east_asia_pc1
271,ts_weekave_arctic_pc3
271,h_500_weekave_arctic_pc2
271,h_850_weekave_arctic_pc2
271,t_850_weekave_arctic_pc2
271,t_500_weekave_arctic_pc2
271,slp_weekave_arctic_pc2
272,ts_weekave_arctic_pc9
273,slp_weekave_arctic_pc15
273,h_850_weekave_arctic_pc15
274,h_500_weekave_arctic_pc15
274,t_500_weekave_arctic_pc15
274,ts_weekave_arctic_pc16
274,t_850_weekave_arctic_pc14
275,slp_weekave_arctic_pc11
275,h_850_weekave_arctic_pc10
276,h_850_weekave_arctic_pc11
276,slp_weekave_arctic_pc10
276,h_500_weekave_arctic_pc11
276,t_500_weekave_arctic_pc11
277,t_500_weekave_arctic_pc14
277,h_850_weekave_arctic_pc13
277,slp_weekave_arctic_pc13
277,h_500_weekave_arctic_pc13
277,t_850_weekave_arctic_pc11
278,ts_weekave_arctic_pc15
278,t_850_weekave_arctic_pc15
279,ts_weekave_conus_pc18
280,ts_weekave_mexico_gulf_pc18
281,ts_weekave_pacific_trop_pc4
282,ts_weekave_atlantic_trop_pc6
283,ts_weekave_pacific_ocean_pc6
284,ts_weekave_atlantic_ocean_pc13
285,slp_weekave_atlantic_trop_pc12
286,h_850_weekave_atlantic_trop_pc18
287,t_850_weekave_atlantic_trop_pc17
288,ts_weekave_atlantic_ocean_pc3
289,ts_weekave_atlantic_trop_pc8
290,ts_weekave_pacific_ocean_pc9
291,ts_weekave_atlantic_trop_pc9
292,t_850_weekave_atlantic_trop_pc11
293,h_850_weekave_atlantic_trop_pc19
293,slp_weekave_atlantic_trop_pc19
294,t_850_weekave_pacific_trop_pc2
294,ts_weekave_pacific_trop_pc2
295,t_500_weekave_pacific_ocean_mean
295,t_500_weekave_pacific_ocean_pc6
295,ts_weekave_pacific_ocean_mean
295,t_850_weekave_pacific_ocean_mean
295,ts_weekave_pacific_ocean_pc2
295,ts_weekave_atlantic_ocean_pc2
296,ts_weekave_southern_canada_pc14
296,ts_weekave_conus_pc12
297,ts_weekave_mexico_gulf_pc4
297,t_850_weekave_mexico_gulf_pc19
298,t_850_weekave_atlantic_trop_pc4
298,ts_weekave_atlantic_ocean_pc1
298,ts_weekave_atlantic_ocean_mean
298,t_850_weekave_pacific_trop_pc4
298,ts_weekave_pacific_trop_pc3
298,ts_weekave_atlantic_trop_pc1
299,ts_weekave_pacific_ocean_pc4
300,ts_weekave_atlantic_trop_pc4
301,t_850_weekave_atlantic_trop_pc1
301,t_850_weekave_atlantic_trop_mean
302,h_850_weekave_atlantic_trop_pc3
302,slp_weekave_atlantic_trop_pc3
303,h_500_weekave_atlantic_trop_pc8
304,h_850_weekave_atlantic_trop_pc8
305,slp_weekave_atlantic_ocean_pc9
305,h_500_weekave_atlantic_ocean_pc9
305,h_850_weekave_atlantic_ocean_pc9
305,t_500_weekave_atlantic_ocean_pc10
306,h_500_weekave_atlantic_ocean_pc10
306,slp_weekave_atlantic_trop_pc1
306,h_850_weekave_atlantic_trop_pc1
306,slp_weekave_atlantic_ocean_pc10
306,h_850_weekave_atlantic_ocean_pc10
307,t_850_weekave_mexico_gulf_pc9
307,slp_weekave_mexico_gulf_pc7
307,h_850_weekave_mexico_gulf_pc6
308,slp_weekave_atlantic_trop_pc5
308,h_850_weekave_atlantic_trop_pc4
309,slp_weekave_pacific_trop_pc1
309,h_850_weekave_mexico_gulf_pc3
309,h_850_weekave_pacific_trop_pc1
309,slp_weekave_mexico_gulf_pc3
310,h_500_weekave_atlantic_trop_pc5
310,t_500_weekave_atlantic_trop_pc4
311,h_500_weekave_mexico_gulf_pc3
311,t_500_weekave_mexico_gulf_pc3
311,t_850_weekave_mexico_gulf_pc3
311,ts_weekave_mexico_gulf_pc3
312,t_850_weekave_pacific_trop_pc3
312,h_500_weekave_pacific_trop_pc1
312,t_500_weekave_pacific_trop_pc1
312,ts_weekave_pacific_trop_pc1
312,t_500_weekave_atlantic_trop_mean
312,t_850_weekave_pacific_trop_mean
312,h_500_weekave_atlantic_trop_pc1
312,ts_weekave_pacific_trop_mean
312,t_850_weekave_pacific_trop_pc1
312,h_850_weekave_pacific_trop_pc2
313,ts_weekave_pacific_ocean_pc1
314,ts_weekave_mexico_gulf_pc8
315,ts_weekave_atlantic_trop_pc3
316,ts_weekave_atlantic_trop_pc11
317,t_500_weekave_pacific_trop_pc15
318,h_500_weekave_pacific_trop_pc18
319,h_500_weekave_pacific_trop_pc17
319,t_500_weekave_pacific_trop_pc18
320,h_850_weekave_pacific_trop_pc20
320,slp_weekave_pacific_trop_pc20
321,h_850_weekave_pacific_trop_pc19
321,slp_weekave_pacific_trop_pc19
322,t_500_weekave_pacific_ocean_pc19
323,t_500_weekave_pacific_trop_pc19
324,h_500_weekave_pacific_ocean_pc20
324,t_500_weekave_pacific_ocean_pc18
325,t_850_weekave_pacific_ocean_pc19
326,t_850_weekave_pacific_trop_pc5
327,ts_weekave_pacific_trop_pc9
328,ts_weekave_pacific_ocean_pc15
329,t_850_weekave_pacific_ocean_pc20
330,slp_weekave_pacific_trop_pc10
330,h_850_weekave_pacific_trop_pc10
331,t_850_weekave_pacific_trop_pc12
332,h_500_weekave_pacific_trop_pc11
332,t_500_weekave_pacific_trop_pc9
333,t_500_weekave_pacific_trop_pc12
334,h_500_weekave_pacific_ocean_pc18
334,h_850_weekave_pacific_ocean_pc18
334,slp_weekave_pacific_ocean_pc18
335,slp_weekave_pacific_ocean_pc17
335,h_850_weekave_pacific_ocean_pc17
336,h_500_weekave_pacific_ocean_pc17
336,t_500_weekave_pacific_ocean_pc17
337,t_500_weekave_pacific_trop_pc8
337,h_500_weekave_pacific_trop_pc9
338,t_850_weekave_pacific_trop_pc9
338,t_850_weekave_pacific_ocean_pc18
339,h_850_weekave_pacific_ocean_pc19
339,slp_weekave_pacific_ocean_pc19
339,h_500_weekave_pacific_ocean_pc19
340,t_850_weekave_pacific_ocean_pc15
341,t_850_weekave_pacific_ocean_pc14
342,t_500_weekave_pacific_ocean_pc20
343,slp_weekave_pacific_ocean_pc15
343,h_500_weekave_pacific_ocean_pc15
343,h_850_weekave_pacific_ocean_pc15
344,t_500_weekave_pacific_ocean_pc16
344,h_500_weekave_pacific_ocean_pc14
345,t_850_weekave_pacific_ocean_pc17
346,h_500_weekave_pacific_ocean_pc16
346,h_850_weekave_pacific_ocean_pc16
346,slp_weekave_pacific_ocean_pc16
347,h_500_weekave_pacific_trop_pc13
348,t_500_weekave_pacific_trop_pc14
349,h_850_weekave_pacific_ocean_pc20
349,slp_weekave_pacific_ocean_pc20
350,h_850_weekave_pacific_trop_pc7
350,slp_weekave_pacific_trop_pc7
351,h_850_weekave_pacific_trop_pc8
351,slp_weekave_pacific_trop_pc9
352,t_500_weekave_pacific_trop_pc6
352,h_500_weekave_pacific_trop_pc7
353,t_500_weekave_pacific_ocean_pc15
353,t_850_weekave_pacific_ocean_pc16
354,t_850_weekave_pacific_trop_pc6
355,slp_weekave_pacific_ocean_pc14
355,h_850_weekave_pacific_ocean_pc14
356,slp_weekave_pacific_trop_pc3
356,h_500_weekave_pacific_trop_pc4
356,h_850_weekave_pacific_trop_pc3
357,slp_weekave_pacific_ocean_pc11
357,h_500_weekave_pacific_ocean_pc12
357,h_850_weekave_pacific_ocean_pc11
358,t_850_weekave_pacific_ocean_pc12
358,t_500_weekave_pacific_ocean_pc13
359,t_500_weekave_pacific_trop_pc17
359,h_500_weekave_pacific_trop_pc16
360,t_500_weekave_pacific_trop_pc16
361,slp_weekave_pacific_trop_pc6
361,h_850_weekave_pacific_trop_pc6
362,t_500_weekave_pacific_trop_pc7
363,h_500_weekave_pacific_trop_pc14
364,t_850_weekave_pacific_trop_pc19
365,slp_weekave_pacific_ocean_pc13
365,h_850_weekave_pacific_ocean_pc13
365,h_500_weekave_pacific_ocean_pc13
366,slp_weekave_pacific_trop_pc8
366,h_850_weekave_pacific_trop_pc9
366,t_850_weekave_pacific_trop_pc7
367,t_500_weekave_pacific_trop_pc3
367,t_500_weekave_pacific_ocean_pc14
368,h_850_weekave_pacific_trop_pc12
368,slp_weekave_pacific_trop_pc12
369,h_500_weekave_pacific_trop_pc10
369,t_850_weekave_pacific_trop_pc11
370,t_500_weekave_pacific_trop_pc10
371,t_850_weekave_pacific_trop_pc13
372,ts_weekave_pacific_trop_pc15
373,t_850_weekave_pacific_trop_pc8
373,h_500_weekave_pacific_trop_pc8
374,t_850_weekave_pacific_trop_pc17
374,slp_weekave_pacific_trop_pc11
374,h_850_weekave_pacific_trop_pc11
375,t_500_weekave_pacific_trop_pc11
376,h_500_weekave_pacific_trop_pc20
377,h_500_weekave_pacific_trop_pc12
377,t_500_weekave_pacific_trop_pc13
378,h_850_weekave_pacific_trop_pc15
378,slp_weekave_pacific_trop_pc15
379,t_850_weekave_pacific_trop_pc16
380,slp_weekave_pacific_trop_pc14
380,h_850_weekave_pacific_trop_pc13
381,t_850_weekave_pacific_trop_pc10
382,slp_weekave_pacific_trop_pc13
382,h_850_weekave_pacific_trop_pc14
383,t_850_weekave_pacific_trop_pc15
384,ts_weekave_pacific_trop_pc18
385,h_850_weekave_pacific_trop_pc18
385,slp_weekave_pacific_trop_pc18
386,h_500_weekave_pacific_trop_pc19
386,t_500_weekave_pacific_trop_pc20
387,h_850_weekave_pacific_trop_pc17
387,slp_weekave_pacific_trop_pc16
388,h_850_weekave_pacific_trop_pc16
388,slp_weekave_pacific_trop_pc17
388,h_500_weekave_pacific_trop_pc15
389,h_500_weekave_pacific_trop_pc6
389,t_500_weekave_pacific_trop_pc5
390,t_850_weekave_pacific_trop_pc18
391,ts_weekave_pacific_ocean_pc5
392,ts_weekave_pacific_trop_pc6
393,t_850_weekave_pacific_trop_pc14
394,t_500_weekave_southern_canada_pc16
394,h_500_weekave_southern_canada_pc16
395,t_850_weekave_southern_canada_pc17
396,ts_weekave_atlantic_ocean_pc8
397,ts_weekave_southern_canada_pc20
398,t_850_weekave_southern_canada_pc9
398,ts_weekave_southern_canada_pc10
398,h_500_weekave_southern_canada_pc9
398,t_500_weekave_southern_canada_pc9
399,h_500_weekave_atlantic_ocean_pc13
399,h_850_weekave_atlantic_ocean_pc13
399,slp_weekave_atlantic_ocean_pc13
400,t_850_weekave_atlantic_ocean_pc12
400,t_500_weekave_atlantic_ocean_pc16
401,t_850_weekave_southern_canada_pc10
401,h_500_weekave_southern_canada_pc11
401,t_500_weekave_southern_canada_pc11
402,slp_weekave_southern_canada_pc10
402,h_850_weekave_southern_canada_pc10
403,h_850_weekave_southern_canada_pc9
403,slp_weekave_southern_canada_pc9
404,h_500_weekave_southern_canada_pc12
404,t_850_weekave_southern_canada_pc12
404,t_500_weekave_southern_canada_pc12
405,slp_weekave_southern_canada_pc12
405,h_850_weekave_southern_canada_pc12
406,ts_weekave_southern_canada_pc12
407,t_500_weekave_southern_canada_pc20
407,h_500_weekave_southern_canada_pc20
408,t_500_weekave_conus_pc12
408,h_500_weekave_conus_pc11
409,ts_weekave_conus_pc14
409,t_850_weekave_conus_pc11
410,ts_weekave_southern_canada_pc7
411,ts_weekave_conus_pc15
412,ts_weekave_atlantic_ocean_pc14
413,slp_weekave_conus_pc17
414,h_850_weekave_conus_pc19
415,t_850_weekave_conus_pc18
416,t_850_weekave_southern_canada_pc20
417,t_500_weekave_conus_pc15
417,h_500_weekave_conus_pc17
418,h_500_weekave_conus_pc15
418,t_500_weekave_conus_pc16
419,h_850_weekave_conus_pc20
420,slp_weekave_conus_pc20
421,h_500_weekave_conus_pc20
422,slp_weekave_conus_pc12
422,h_850_weekave_conus_pc11
423,t_500_weekave_conus_pc11
423,h_500_weekave_conus_pc12
424,t_850_weekave_conus_pc10
424,ts_weekave_conus_pc11
425,slp_weekave_conus_pc15
425,h_850_weekave_conus_pc13
426,ts_weekave_conus_pc13
426,t_850_weekave_conus_pc12
427,h_850_weekave_conus_pc18
428,slp_weekave_conus_pc11
428,h_850_weekave_conus_pc14
429,t_500_weekave_conus_pc13
429,h_500_weekave_conus_pc13
430,h_850_weekave_conus_pc12
430,slp_weekave_conus_pc14
431,t_500_weekave_conus_pc18
431,h_500_weekave_conus_pc18
432,t_850_weekave_conus_pc17
433,t_850_weekave_conus_pc16
433,ts_weekave_conus_pc17
434,h_850_weekave_conus_pc16
435,slp_weekave_conus_pc16
436,t_850_weekave_mexico_gulf_pc11
437,t_850_weekave_conus_pc14
438,slp_weekave_conus_pc19
438,h_850_weekave_conus_pc17
439,t_850_weekave_conus_pc15
440,ts_weekave_conus_pc19
441,h_500_weekave_conus_pc14
441,t_500_weekave_conus_pc14
442,h_850_weekave_conus_pc15
442,slp_weekave_conus_pc18
443,t_500_weekave_southern_canada_pc18
443,h_500_weekave_southern_canada_pc18
444,t_850_weekave_southern_canada_pc18
445,h_500_weekave_southern_canada_pc19
445,t_500_weekave_southern_canada_pc19
446,h_500_weekave_conus_pc16
446,t_500_weekave_conus_pc17
447,h_850_weekave_conus_pc9
447,slp_weekave_conus_pc9
448,h_500_weekave_conus_pc9
448,t_850_weekave_conus_pc9
448,t_500_weekave_conus_pc9
448,ts_weekave_conus_pc10
449,slp_weekave_southern_canada_pc16
449,h_850_weekave_southern_canada_pc14
450,t_500_weekave_southern_canada_pc15
450,h_500_weekave_southern_canada_pc15
451,h_850_weekave_southern_canada_pc16
451,slp_weekave_southern_canada_pc17
452,slp_weekave_southern_canada_pc14
453,h_850_weekave_southern_canada_pc17
454,t_850_weekave_southern_canada_pc13
454,ts_weekave_southern_canada_pc15
455,ts_weekave_southern_canada_pc18
456,slp_weekave_southern_canada_pc15
456,h_850_weekave_southern_canada_pc15
457,slp_weekave_conus_pc13
458,t_500_weekave_southern_canada_pc13
458,h_500_weekave_southern_canada_pc14
459,t_850_weekave_southern_canada_pc15
460,h_850_weekave_southern_canada_pc13
460,slp_weekave_southern_canada_pc13
461,t_500_weekave_southern_canada_pc14
461,h_500_weekave_southern_canada_pc13
462,t_850_weekave_southern_canada_pc14
463,ts_weekave_conus_pc16
463,t_850_weekave_conus_pc13
464,t_850_weekave_southern_canada_pc19
465,slp_weekave_southern_canada_pc18
465,h_850_weekave_southern_canada_pc18
466,t_500_weekave_southern_canada_pc17
466,h_500_weekave_southern_canada_pc17
467,h_500_weekave_southern_canada_pc8
467,t_500_weekave_southern_canada_pc8
467,t_850_weekave_southern_canada_pc7
468,ts_weekave_southern_canada_pc13
469,h_850_weekave_southern_canada_pc19
469,slp_weekave_southern_canada_pc20
470,h_850_weekave_southern_canada_pc20
470,slp_weekave_southern_canada_pc19
471,t_850_weekave_atlantic_ocean_pc11
471,slp_weekave_atlantic_ocean_pc11
471,h_850_weekave_atlantic_ocean_pc11
471,t_500_weekave_atlantic_ocean_pc11
471,h_500_weekave_atlantic_ocean_pc11
472,slp_weekave_atlantic_trop_pc6
472,h_850_weekave_atlantic_trop_pc7
473,h_500_weekave_atlantic_trop_pc17
474,t_500_weekave_atlantic_ocean_pc12
475,t_850_weekave_atlantic_ocean_pc14
476,h_500_weekave_atlantic_ocean_pc12
476,h_850_weekave_atlantic_ocean_pc12
476,slp_weekave_atlantic_ocean_pc12
477,t_500_weekave_atlantic_trop_pc6
477,h_500_weekave_atlantic_trop_pc6
478,h_850_weekave_atlantic_trop_pc14
478,slp_weekave_atlantic_trop_pc14
479,t_850_weekave_atlantic_trop_pc20
480,h_500_weekave_atlantic_ocean_pc16
480,slp_weekave_atlantic_ocean_pc16
480,h_850_weekave_atlantic_ocean_pc16
481,t_500_weekave_atlantic_ocean_pc17
482,t_850_weekave_atlantic_ocean_pc18
483,t_850_weekave_atlantic_ocean_pc17
484,t_500_weekave_atlantic_trop_pc10
484,h_500_weekave_atlantic_trop_pc9
485,t_500_weekave_atlantic_trop_pc9
486,t_500_weekave_atlantic_ocean_pc13
486,t_850_weekave_atlantic_ocean_pc13
487,slp_weekave_atlantic_trop_pc7
487,h_850_weekave_atlantic_trop_pc9
488,t_850_weekave_atlantic_trop_pc7
489,t_500_weekave_atlantic_ocean_pc14
489,t_850_weekave_atlantic_ocean_pc15
490,slp_weekave_atlantic_ocean_pc15
490,h_850_weekave_atlantic_ocean_pc15
490,h_500_weekave_atlantic_ocean_pc15
491,slp_weekave_atlantic_ocean_pc14
491,h_500_weekave_atlantic_ocean_pc14
491,h_850_weekave_atlantic_ocean_pc14
492,t_500_weekave_atlantic_ocean_pc15
493,h_850_weekave_atlantic_ocean_pc20
493,slp_weekave_atlantic_ocean_pc20
494,h_500_weekave_atlantic_ocean_pc20
494,t_500_weekave_atlantic_ocean_pc19
495,h_850_weekave_atlantic_ocean_pc19
495,h_500_weekave_atlantic_ocean_pc19
495,slp_weekave_atlantic_ocean_pc19
496,t_850_weekave_atlantic_ocean_pc20
497,t_850_weekave_atlantic_ocean_pc16
498,t_500_weekave_atlantic_ocean_pc20
499,t_500_weekave_atlantic_ocean_pc18
500,t_850_weekave_atlantic_ocean_pc19
501,h_850_weekave_atlantic_ocean_pc18
501,slp_weekave_atlantic_ocean_pc18
501,h_500_weekave_atlantic_ocean_pc17
502,h_850_weekave_atlantic_ocean_pc17
502,slp_weekave_atlantic_ocean_pc17
502,h_500_weekave_atlantic_ocean_pc18
503,h_500_weekave_atlantic_trop_pc11
504,t_500_weekave_atlantic_trop_pc11
505,t_500_weekave_atlantic_trop_pc14
506,h_500_weekave_atlantic_trop_pc18
507,h_850_weekave_atlantic_trop_pc20
508,slp_weekave_atlantic_trop_pc20
509,t_850_weekave_atlantic_trop_pc10
510,ts_weekave_atlantic_trop_pc12
511,t_850_weekave_atlantic_trop_pc8
512,slp_weekave_atlantic_trop_pc10
513,t_850_weekave_atlantic_trop_pc12
514,h_850_weekave_atlantic_trop_pc13
515,ts_weekave_atlantic_trop_pc19
516,slp_weekave_atlantic_trop_pc18
516,h_850_weekave_atlantic_trop_pc17
517,slp_weekave_atlantic_trop_pc11
518,t_850_weekave_atlantic_trop_pc15
519,slp_weekave_atlantic_trop_pc15
520,h_850_weekave_atlantic_trop_pc16
521,slp_weekave_atlantic_trop_pc17
522,t_850_weekave_atlantic_trop_pc19
523,t_500_weekave_atlantic_trop_pc5
523,h_500_weekave_atlantic_trop_pc4
524,t_850_weekave_mexico_gulf_pc8
525,t_850_weekave_atlantic_trop_pc9
526,ts_weekave_atlantic_trop_pc2
527,t_850_weekave_atlantic_trop_pc13
528,slp_weekave_atlantic_trop_pc8
528,h_850_weekave_atlantic_trop_pc12
529,t_850_weekave_atlantic_trop_pc6
530,slp_weekave_atlantic_trop_pc13
530,h_850_weekave_atlantic_trop_pc11
531,h_500_weekave_atlantic_trop_pc13
532,ts_weekave_atlantic_trop_pc13
533,h_850_weekave_atlantic_trop_pc10
533,slp_weekave_atlantic_trop_pc9
534,t_850_weekave_atlantic_trop_pc14
535,h_850_weekave_atlantic_trop_pc15
536,h_850_weekave_atlantic_ocean_pc8
536,t_850_weekave_atlantic_ocean_pc9
536,slp_weekave_atlantic_ocean_pc8
536,h_500_weekave_atlantic_ocean_pc8
537,h_850_weekave_atlantic_trop_pc2
537,slp_weekave_atlantic_trop_pc2
537,t_850_weekave_atlantic_trop_pc5
538,h_500_weekave_atlantic_trop_pc10
539,h_500_weekave_atlantic_trop_pc3
539,t_500_weekave_atlantic_trop_pc3
540,h_850_weekave_atlantic_trop_pc5
541,h_500_weekave_atlantic_trop_pc12
542,t_850_weekave_atlantic_trop_pc18
543,h_500_weekave_atlantic_trop_pc16
544,t_500_weekave_atlantic_trop_pc17
545,h_500_weekave_atlantic_trop_pc7
545,t_500_weekave_atlantic_trop_pc7
546,h_850_weekave_atlantic_trop_pc6
546,t_850_weekave_atlantic_trop_pc3
546,slp_weekave_atlantic_trop_pc4
547,h_500_weekave_atlantic_trop_pc19
548,t_500_weekave_atlantic_trop_pc12
549,t_500_weekave_atlantic_trop_pc16
549,h_500_weekave_atlantic_trop_pc15
550,t_500_weekave_mexico_gulf_pc5
551,h_500_weekave_mexico_gulf_pc12
552,h_500_weekave_atlantic_trop_pc20
553,t_500_weekave_atlantic_trop_pc19
554,h_500_weekave_atlantic_trop_pc14
555,t_500_weekave_atlantic_trop_pc18
556,t_500_weekave_atlantic_trop_pc15
557,t_500_weekave_atlantic_trop_pc8
558,h_500_weekave_mexico_gulf_pc15
559,t_500_weekave_mexico_gulf_pc18
560,t_500_weekave_conus_pc20
561,t_500_weekave_mexico_gulf_pc14
562,h_500_weekave_mexico_gulf_pc20
563,t_500_weekave_mexico_gulf_pc20
564,h_850_weekave_mexico_gulf_pc19
565,t_500_weekave_mexico_gulf_pc16
